{
  "apiOrderSubmitForm": {
    "client": 3,
    "include": "items",
    "shop_id": 3161,
    "address_id": 0,
    "predict_time": 10,
    "predict_cups": 11,
    "predict_orders": 2,
    "efficiency": 56,
    "efficiency_time": 10,
    "shop_limit_time": 0,
    "pickup_time_period": "",
    "period_id": null,
    "phone": "13034487227",
    "remarks": "",
    "is_takeaway": 0,
    "box_fee": 0,
    "total_fee": 37.84,
    "products": [
      {
        "quantity": 1,
        "sku_id": 12514,
        "attribute_ids": [],
        "material_ids": [
          3235,
          393,
          3569,
          1981,
          2697,
          1835
        ],
        "bind": [],
        "uuid": "s:|30400143|19999005,19999013,19999205,19999348,19999508,19999964|||;-7135",
        "join_time": 1733450880952,
        "user_infos": []
      },
      {
        "quantity": 1,
        "sku_id": 12420,
        "attribute_ids": [],
        "material_ids": [
          3235,
          501,
          3569,
          1981,
          2685,
          2833,
          1835
        ],
        "bind": [],
        "uuid": "s:|30400359|19999005,19999013,19999205,19999348,19999436,19999508,19999964|||;-7213",
        "join_time": 1733450877650,
        "user_infos": []
      }
    ],
    "set_products": [],
    "combos": [],
    "shop_business_is": 0,
    "user_rights": [],
    "coupon_library_id": "1201737613",
    "pmsData": {
      "10041002": {
        "clientScene": 6,
        "isStudentMember": false,
        "timestamp": 1733451008101,
        "isMemberPlus": false
      },
      "10041003": {
        "benefitNos": ""
      }
    },
    "location": "114.278455,30.71106",
    "packInfo": {
      "eat_method": "TAKE-OUT",
      "pack_method": "PAPER_BAG",
      "box_fee": 0
    }
  }
}